<?xml version="1.0" encoding="UTF-8"?>
<project-private xmlns="http://www.netbeans.org/ns/project-private/1">
    <editor-bookmarks xmlns="http://www.netbeans.org/ns/editor-bookmarks/2" lastBookmarkId="0"/>
    <open-files xmlns="http://www.netbeans.org/ns/projectui-open-files/2">
        <group>
            <file>file:/C:/Users/Angelique/Documents/NetBeansProjects/Booking/src/Booking/OIP.jpg</file>
            <file>file:/C:/Users/Angelique/Documents/NetBeansProjects/Booking/src/Booking/admin.java</file>
            <file>file:/C:/Users/Angelique/Documents/NetBeansProjects/Booking/src/Booking/ShowT.java</file>
            <file>file:/C:/Users/Angelique/Documents/NetBeansProjects/Booking/src/Booking/MainScreen.java</file>
            <file>file:/C:/Users/Angelique/Documents/NetBeansProjects/Booking/src/Booking/Book.java</file>
            <file>file:/C:/Users/Angelique/Documents/NetBeansProjects/Booking/src/Booking/AdminLogin.java</file>
            <file>file:/C:/Users/Angelique/Documents/NetBeansProjects/Booking/src/Booking/otheradmin.java</file>
            <file>file:/C:/Users/Angelique/Documents/NetBeansProjects/Booking/src/Booking/printing.java</file>
            <file>file:/C:/Users/Angelique/Documents/NetBeansProjects/Booking/src/Booking/userlogin.java</file>
            <file>file:/C:/Users/Angelique/Documents/NetBeansProjects/Booking/src/Booking/newuser.java</file>
        </group>
    </open-files>
</project-private>
